0;137.1;189.4;0;225;0;0;137.1;-189.4;0;-137.1;189.4;0;-225;0;0;-137.1;-189.4;0
1;137.1;191.275;80;225;-3.75;81.875;137.1;-187.525;80;-137.1;185.65;81.875;-225;1.875;80;-137.1;-193.15;81.875
2;137.1;193.15;80;225;-7.5;83.75;137.1;-185.65;80;-137.1;181.9;83.75;-225;3.75;80;-137.1;-196.9;83.75
3;137.1;195.025;80;225;-11.25;85.625;137.1;-183.775;80;-137.1;178.15;85.625;-225;5.625;80;-137.1;-200.65;85.625
4;137.1;196.9;80;225;-15;87.5;137.1;-181.9;80;-137.1;174.4;87.5;-225;7.5;80;-137.1;-204.4;87.5
5;137.1;198.775;80;225;-18.75;89.375;137.1;-180.025;80;-137.1;170.65;89.375;-225;9.375;80;-137.1;-208.15;89.375
6;137.1;200.65;80;225;-22.5;91.25;137.1;-178.15;80;-137.1;166.9;91.25;-225;11.25;80;-137.1;-211.9;91.25
7;137.1;202.525;80;225;-26.25;93.125;137.1;-176.275;80;-137.1;163.15;93.125;-225;13.125;80;-137.1;-215.65;93.125
8;137.1;204.4;80;225;-30;95;137.1;-174.4;80;-137.1;159.4;95;-225;15;80;-137.1;-219.4;95
9;137.1;206.275;80;225;-30;93.125;137.1;-172.525;80;-137.1;159.4;93.125;-225;16.875;80;-137.1;-219.4;93.125
10;137.1;208.15;80;225;-30;91.25;137.1;-170.65;80;-137.1;159.4;91.25;-225;18.75;80;-137.1;-219.4;91.25
11;137.1;210.025;80;225;-30;89.375;137.1;-168.775;80;-137.1;159.4;89.375;-225;20.625;80;-137.1;-219.4;89.375
12;137.1;211.9;80;225;-30;87.5;137.1;-166.9;80;-137.1;159.4;87.5;-225;22.5;80;-137.1;-219.4;87.5
13;137.1;213.775;80;225;-30;85.625;137.1;-165.025;80;-137.1;159.4;85.625;-225;24.375;80;-137.1;-219.4;85.625
14;137.1;215.65;80;225;-30;83.75;137.1;-163.15;80;-137.1;159.4;83.75;-225;26.25;80;-137.1;-219.4;83.75
15;137.1;217.525;80;225;-30;81.875;137.1;-161.275;80;-137.1;159.4;81.875;-225;28.125;80;-137.1;-219.4;81.875
16;137.1;219.4;80;225;-30;80;137.1;-159.4;80;-137.1;159.4;80;-225;30;80;-137.1;-219.4;80
17;137.1;219.4;81.875;225;-28.125;80;137.1;-159.4;81.875;-137.1;161.275;80;-225;30;81.875;-137.1;-217.525;80
18;137.1;219.4;83.75;225;-26.25;80;137.1;-159.4;83.75;-137.1;163.15;80;-225;30;83.75;-137.1;-215.65;80
19;137.1;219.4;85.625;225;-24.375;80;137.1;-159.4;85.625;-137.1;165.025;80;-225;30;85.625;-137.1;-213.775;80
20;137.1;219.4;87.5;225;-22.5;80;137.1;-159.4;87.5;-137.1;166.9;80;-225;30;87.5;-137.1;-211.9;80
21;137.1;219.4;89.375;225;-20.625;80;137.1;-159.4;89.375;-137.1;168.775;80;-225;30;89.375;-137.1;-210.025;80
22;137.1;219.4;91.25;225;-18.75;80;137.1;-159.4;91.25;-137.1;170.65;80;-225;30;91.25;-137.1;-208.15;80
23;137.1;219.4;93.125;225;-16.875;80;137.1;-159.4;93.125;-137.1;172.525;80;-225;30;93.125;-137.1;-206.275;80
24;137.1;219.4;95;225;-15;80;137.1;-159.4;95;-137.1;174.4;80;-225;30;95;-137.1;-204.4;80
25;137.1;215.65;95;225;-13.125;80;137.1;-163.15;95;-137.1;176.275;80;-225;26.25;95;-137.1;-202.525;80
26;137.1;211.9;95;225;-11.25;80;137.1;-166.9;95;-137.1;178.15;80;-225;22.5;95;-137.1;-200.65;80
27;137.1;208.15;95;225;-9.375;80;137.1;-170.65;95;-137.1;180.025;80;-225;18.75;95;-137.1;-198.775;80
28;137.1;204.4;95;225;-7.5;80;137.1;-174.4;95;-137.1;181.9;80;-225;15;95;-137.1;-196.9;80
29;137.1;200.65;95;225;-5.625;80;137.1;-178.15;95;-137.1;183.775;80;-225;11.25;95;-137.1;-195.025;80
30;137.1;196.9;95;225;-3.75;80;137.1;-181.9;95;-137.1;185.65;80;-225;7.5;95;-137.1;-193.15;80
31;137.1;193.15;95;225;-1.875;80;137.1;-185.65;95;-137.1;187.525;80;-225;3.75;95;-137.1;-191.275;80
32;137.1;189.4;95;225;0;80;137.1;-189.4;95;-137.1;189.4;80;-225;0;95;-137.1;-189.4;80
33;137.1;185.65;95;225;1.875;80;137.1;-193.15;95;-137.1;191.275;80;-225;-3.75;95;-137.1;-187.525;80
34;137.1;181.9;95;225;3.75;80;137.1;-196.9;95;-137.1;193.15;80;-225;-7.5;95;-137.1;-185.65;80
35;137.1;178.15;95;225;5.625;80;137.1;-200.65;95;-137.1;195.025;80;-225;-11.25;95;-137.1;-183.775;80
36;137.1;174.4;95;225;7.5;80;137.1;-204.4;95;-137.1;196.9;80;-225;-15;95;-137.1;-181.9;80
37;137.1;170.65;95;225;9.375;80;137.1;-208.15;95;-137.1;198.775;80;-225;-18.75;95;-137.1;-180.025;80
38;137.1;166.9;95;225;11.25;80;137.1;-211.9;95;-137.1;200.65;80;-225;-22.5;95;-137.1;-178.15;80
39;137.1;163.15;95;225;13.125;80;137.1;-215.65;95;-137.1;202.525;80;-225;-26.25;95;-137.1;-176.275;80
40;137.1;159.4;95;225;15;80;137.1;-219.4;95;-137.1;204.4;80;-225;-30;95;-137.1;-174.4;80
41;137.1;159.4;93.125;225;16.875;80;137.1;-219.4;93.125;-137.1;206.275;80;-225;-30;93.125;-137.1;-172.525;80
42;137.1;159.4;91.25;225;18.75;80;137.1;-219.4;91.25;-137.1;208.15;80;-225;-30;91.25;-137.1;-170.65;80
43;137.1;159.4;89.375;225;20.625;80;137.1;-219.4;89.375;-137.1;210.025;80;-225;-30;89.375;-137.1;-168.775;80
44;137.1;159.4;87.5;225;22.5;80;137.1;-219.4;87.5;-137.1;211.9;80;-225;-30;87.5;-137.1;-166.9;80
45;137.1;159.4;85.625;225;24.375;80;137.1;-219.4;85.625;-137.1;213.775;80;-225;-30;85.625;-137.1;-165.025;80
46;137.1;159.4;83.75;225;26.25;80;137.1;-219.4;83.75;-137.1;215.65;80;-225;-30;83.75;-137.1;-163.15;80
47;137.1;159.4;81.875;225;28.125;80;137.1;-219.4;81.875;-137.1;217.525;80;-225;-30;81.875;-137.1;-161.275;80
48;137.1;159.4;80;225;30;80;137.1;-219.4;80;-137.1;219.4;80;-225;-30;80;-137.1;-159.4;80
49;137.1;161.275;80;225;30;81.875;137.1;-217.525;80;-137.1;219.4;81.875;-225;-28.125;80;-137.1;-159.4;81.875
50;137.1;163.15;80;225;30;83.75;137.1;-215.65;80;-137.1;219.4;83.75;-225;-26.25;80;-137.1;-159.4;83.75
51;137.1;165.025;80;225;30;85.625;137.1;-213.775;80;-137.1;219.4;85.625;-225;-24.375;80;-137.1;-159.4;85.625
52;137.1;166.9;80;225;30;87.5;137.1;-211.9;80;-137.1;219.4;87.5;-225;-22.5;80;-137.1;-159.4;87.5
53;137.1;168.775;80;225;30;89.375;137.1;-210.025;80;-137.1;219.4;89.375;-225;-20.625;80;-137.1;-159.4;89.375
54;137.1;170.65;80;225;30;91.25;137.1;-208.15;80;-137.1;219.4;91.25;-225;-18.75;80;-137.1;-159.4;91.25
55;137.1;172.525;80;225;30;93.125;137.1;-206.275;80;-137.1;219.4;93.125;-225;-16.875;80;-137.1;-159.4;93.125
56;137.1;174.4;80;225;30;95;137.1;-204.4;80;-137.1;219.4;95;-225;-15;80;-137.1;-159.4;95
57;137.1;176.275;80;225;26.25;93.125;137.1;-202.525;80;-137.1;215.65;93.125;-225;-13.125;80;-137.1;-163.15;93.125
58;137.1;178.15;80;225;22.5;91.25;137.1;-200.65;80;-137.1;211.9;91.25;-225;-11.25;80;-137.1;-166.9;91.25
59;137.1;180.025;80;225;18.75;89.375;137.1;-198.775;80;-137.1;208.15;89.375;-225;-9.375;80;-137.1;-170.65;89.375
60;137.1;181.9;80;225;15;87.5;137.1;-196.9;80;-137.1;204.4;87.5;-225;-7.5;80;-137.1;-174.4;87.5
61;137.1;183.775;80;225;11.25;85.625;137.1;-195.025;80;-137.1;200.65;85.625;-225;-5.625;80;-137.1;-178.15;85.625
62;137.1;185.65;80;225;7.5;83.75;137.1;-193.15;80;-137.1;196.9;83.75;-225;-3.75;80;-137.1;-181.9;83.75
63;137.1;187.525;80;225;3.75;81.875;137.1;-191.275;80;-137.1;193.15;81.875;-225;-1.875;80;-137.1;-185.65;81.875
64;137.1;189.4;80;225;0;80;137.1;-189.4;80;-137.1;189.4;80;-225;0;80;-137.1;-189.4;80
65;140.456;187.586;80;224.042;7.27929;81.875;134.328;-192.021;80;-142.644;184.158;81.875;-225.479;3.63964;80;-130.389;-193.029;81.875
66;143.811;185.771;80;223.083;14.5586;83.75;131.556;-194.642;80;-148.187;178.916;83.75;-225.958;7.27929;80;-123.677;-196.658;83.75
67;147.167;183.957;80;222.125;21.8379;85.625;128.785;-197.263;80;-153.731;173.673;85.625;-226.438;10.9189;80;-116.966;-200.286;85.625
68;150.523;182.142;80;221.167;29.1171;87.5;126.013;-199.884;80;-159.274;168.431;87.5;-226.917;14.5586;80;-110.254;-203.915;87.5
69;153.879;180.328;80;220.208;36.3964;89.375;123.241;-202.506;80;-164.818;163.189;89.375;-227.396;18.1982;80;-103.543;-207.544;89.375
70;157.234;178.514;80;219.25;43.6757;91.25;120.469;-205.127;80;-170.362;157.947;91.25;-227.875;21.8379;80;-96.8311;-211.173;91.25
71;160.59;176.699;80;218.292;50.955;93.125;117.697;-207.748;80;-175.905;152.704;93.125;-228.354;25.4775;80;-90.1196;-214.802;93.125
72;163.946;174.885;80;217.333;58.2343;95;114.926;-210.369;80;-181.449;147.462;95;-228.833;29.1171;80;-83.4081;-218.43;95
73;167.302;173.07;80;217.333;58.2343;93.125;112.154;-212.99;80;-181.449;147.462;93.125;-229.313;32.7568;80;-83.4081;-218.43;93.125
74;170.657;171.256;80;217.333;58.2343;91.25;109.382;-215.611;80;-181.449;147.462;91.25;-229.792;36.3964;80;-83.4081;-218.43;91.25
75;174.013;169.442;80;217.333;58.2343;89.375;106.61;-218.232;80;-181.449;147.462;89.375;-230.271;40.0361;80;-83.4081;-218.43;89.375
76;177.369;167.627;80;217.333;58.2343;87.5;103.838;-220.853;80;-181.449;147.462;87.5;-230.75;43.6757;80;-83.4081;-218.43;87.5
77;180.725;165.813;80;217.333;58.2343;85.625;101.067;-223.474;80;-181.449;147.462;85.625;-231.229;47.3154;80;-83.4081;-218.43;85.625
78;184.08;163.998;80;217.333;58.2343;83.75;98.2948;-226.096;80;-181.449;147.462;83.75;-231.708;50.955;80;-83.4081;-218.43;83.75
79;187.436;162.184;80;217.333;58.2343;81.875;95.523;-228.717;80;-181.449;147.462;81.875;-232.188;54.5947;80;-83.4081;-218.43;81.875
80;190.792;160.369;80;217.333;58.2343;80;92.7512;-231.338;80;-181.449;147.462;80;-232.667;58.2343;80;-83.4081;-218.43;80
81;190.792;160.369;81.875;217.812;54.5946;80;92.7512;-231.338;81.875;-178.677;150.083;80;-232.667;58.2343;81.875;-86.7639;-216.616;80
82;190.792;160.369;83.75;218.292;50.955;80;92.7512;-231.338;83.75;-175.905;152.704;80;-232.667;58.2343;83.75;-90.1196;-214.802;80
83;190.792;160.369;85.625;218.771;47.3154;80;92.7512;-231.338;85.625;-173.133;155.326;80;-232.667;58.2343;85.625;-93.4753;-212.987;80
84;190.792;160.369;87.5;219.25;43.6757;80;92.7512;-231.338;87.5;-170.362;157.947;80;-232.667;58.2343;87.5;-96.8311;-211.173;80
85;190.792;160.369;89.375;219.729;40.0361;80;92.7512;-231.338;89.375;-167.59;160.568;80;-232.667;58.2343;89.375;-100.187;-209.358;80
86;190.792;160.369;91.25;220.208;36.3964;80;92.7512;-231.338;91.25;-164.818;163.189;80;-232.667;58.2343;91.25;-103.543;-207.544;80
87;190.792;160.369;93.125;220.687;32.7568;80;92.7512;-231.338;93.125;-162.046;165.81;80;-232.667;58.2343;93.125;-106.898;-205.73;80
88;190.792;160.369;95;221.167;29.1171;80;92.7512;-231.338;95;-159.274;168.431;80;-232.667;58.2343;95;-110.254;-203.915;80
89;184.08;163.998;95;221.646;25.4775;80;98.2948;-226.096;95;-156.503;171.052;80;-231.708;50.955;95;-113.61;-202.101;80
90;177.369;167.627;95;222.125;21.8378;80;103.838;-220.853;95;-153.731;173.673;80;-230.75;43.6757;95;-116.966;-200.286;80
91;170.657;171.256;95;222.604;18.1982;80;109.382;-215.611;95;-150.959;176.294;80;-229.792;36.3964;95;-120.321;-198.472;80
92;163.946;174.885;95;223.083;14.5586;80;114.926;-210.369;95;-148.187;178.916;80;-228.833;29.1172;95;-123.677;-196.658;80
93;157.234;178.513;95;223.562;10.9189;80;120.469;-205.127;95;-145.415;181.537;80;-227.875;21.8379;95;-127.033;-194.843;80
94;150.523;182.142;95;224.042;7.27928;80;126.013;-199.884;95;-142.643;184.158;80;-226.917;14.5586;95;-130.389;-193.029;80
95;143.811;185.771;95;224.521;3.63963;80;131.556;-194.642;95;-139.872;186.779;80;-225.958;7.2793;95;-133.744;-191.214;80
96;137.1;189.4;95;225;-1.00136e-05;80;137.1;-189.4;95;-137.1;189.4;80;-225;1.43051e-05;95;-137.1;-189.4;80
97;130.389;193.029;95;225.479;-3.63965;80;142.644;-184.158;95;-134.328;192.021;80;-224.042;-7.27927;95;-140.456;-187.585;80
98;123.677;196.657;95;225.958;-7.2793;80;148.187;-178.916;95;-131.556;194.642;80;-223.083;-14.5586;95;-143.811;-185.771;80
99;116.966;200.286;95;226.438;-10.9189;80;153.731;-173.673;95;-128.784;197.263;80;-222.125;-21.8378;95;-147.167;-183.957;80
100;110.254;203.915;95;226.917;-14.5586;80;159.274;-168.431;95;-126.013;199.884;80;-221.167;-29.1171;95;-150.523;-182.142;80
101;103.543;207.544;95;227.396;-18.1982;80;164.818;-163.189;95;-123.241;202.506;80;-220.208;-36.3964;95;-153.879;-180.328;80
102;96.8311;211.173;95;227.875;-21.8379;80;170.362;-157.947;95;-120.469;205.127;80;-219.25;-43.6757;95;-157.234;-178.513;80
103;90.1196;214.801;95;228.354;-25.4775;80;175.905;-152.704;95;-117.697;207.748;80;-218.292;-50.955;95;-160.59;-176.699;80
104;83.4081;218.43;95;228.833;-29.1172;80;181.449;-147.462;95;-114.925;210.369;80;-217.333;-58.2343;95;-163.946;-174.885;80
105;83.4081;218.43;93.125;229.313;-32.7568;80;181.449;-147.462;93.125;-112.154;212.99;80;-217.333;-58.2343;93.125;-167.302;-173.07;80
106;83.4081;218.43;91.25;229.792;-36.3964;80;181.449;-147.462;91.25;-109.382;215.611;80;-217.333;-58.2343;91.25;-170.657;-171.256;80
107;83.4081;218.43;89.375;230.271;-40.0361;80;181.449;-147.462;89.375;-106.61;218.232;80;-217.333;-58.2343;89.375;-174.013;-169.441;80
108;83.4081;218.43;87.5;230.75;-43.6757;80;181.449;-147.462;87.5;-103.838;220.853;80;-217.333;-58.2343;87.5;-177.369;-167.627;80
109;83.4081;218.43;85.625;231.229;-47.3154;80;181.449;-147.462;85.625;-101.066;223.474;80;-217.333;-58.2343;85.625;-180.725;-165.813;80
110;83.4081;218.43;83.75;231.708;-50.955;80;181.449;-147.462;83.75;-98.2947;226.096;80;-217.333;-58.2343;83.75;-184.08;-163.998;80
111;83.4081;218.43;81.875;232.188;-54.5947;80;181.449;-147.462;81.875;-95.5229;228.717;80;-217.333;-58.2343;81.875;-187.436;-162.184;80
112;83.4081;218.43;80;232.667;-58.2343;80;181.449;-147.462;80;-92.7511;231.338;80;-217.333;-58.2343;80;-190.792;-160.369;80
113;86.7639;216.616;80;232.667;-58.2343;81.875;178.677;-150.083;80;-92.7511;231.338;81.875;-217.812;-54.5946;80;-190.792;-160.369;81.875
114;90.1196;214.801;80;232.667;-58.2343;83.75;175.905;-152.704;80;-92.7511;231.338;83.75;-218.292;-50.955;80;-190.792;-160.369;83.75
115;93.4753;212.987;80;232.667;-58.2343;85.625;173.133;-155.326;80;-92.7511;231.338;85.625;-218.771;-47.3153;80;-190.792;-160.369;85.625
116;96.8311;211.173;80;232.667;-58.2343;87.5;170.362;-157.947;80;-92.7511;231.338;87.5;-219.25;-43.6757;80;-190.792;-160.369;87.5
117;100.187;209.358;80;232.667;-58.2343;89.375;167.59;-160.568;80;-92.7511;231.338;89.375;-219.729;-40.036;80;-190.792;-160.369;89.375
118;103.543;207.544;80;232.667;-58.2343;91.25;164.818;-163.189;80;-92.7511;231.338;91.25;-220.208;-36.3964;80;-190.792;-160.369;91.25
119;106.898;205.729;80;232.667;-58.2343;93.125;162.046;-165.81;80;-92.7511;231.338;93.125;-220.687;-32.7568;80;-190.792;-160.369;93.125
120;110.254;203.915;80;232.667;-58.2343;95;159.274;-168.431;80;-92.7511;231.338;95;-221.167;-29.1171;80;-190.792;-160.369;95
121;113.61;202.101;80;231.708;-50.955;93.125;156.503;-171.052;80;-98.2947;226.096;93.125;-221.646;-25.4775;80;-184.08;-163.998;93.125
122;116.966;200.286;80;230.75;-43.6757;91.25;153.731;-173.673;80;-103.838;220.853;91.25;-222.125;-21.8378;80;-177.369;-167.627;91.25
123;120.321;198.472;80;229.792;-36.3965;89.375;150.959;-176.294;80;-109.382;215.611;89.375;-222.604;-18.1982;80;-170.657;-171.256;89.375
124;123.677;196.657;80;228.833;-29.1172;87.5;148.187;-178.916;80;-114.925;210.369;87.5;-223.083;-14.5585;80;-163.946;-174.885;87.5
125;127.033;194.843;80;227.875;-21.8379;85.625;145.415;-181.537;80;-120.469;205.127;85.625;-223.562;-10.9189;80;-157.234;-178.513;85.625
126;130.389;193.029;80;226.917;-14.5586;83.75;142.643;-184.158;80;-126.013;199.884;83.75;-224.042;-7.27926;80;-150.523;-182.142;83.75
127;133.744;191.214;80;225.958;-7.27931;81.875;139.872;-186.779;80;-131.556;194.642;81.875;-224.521;-3.63962;80;-143.811;-185.771;81.875
128;137.1;189.4;80;225;-2.57492e-05;80;137.1;-189.4;80;-137.1;189.4;80;-225;2.52724e-05;80;-137.1;-189.4;80
129;139.286;188.092;80;224.573;4.88383;81.875;135.174;-191.068;80;-140.951;186.064;81.875;-225.214;2.44195;80;-132.729;-192.016;81.875
130;141.471;186.784;80;224.145;9.76768;83.75;133.249;-192.736;80;-144.801;182.729;83.75;-225.427;4.88388;80;-128.357;-194.632;83.75
131;143.657;185.475;80;223.718;14.6515;85.625;131.324;-194.403;80;-148.652;179.393;85.625;-225.641;7.32581;80;-123.986;-197.248;85.625
132;145.843;184.167;80;223.291;19.5354;87.5;129.398;-196.071;80;-152.503;176.058;87.5;-225.855;9.76774;80;-119.614;-199.865;87.5
133;148.029;182.859;80;222.864;24.4193;89.375;127.473;-197.739;80;-156.354;172.722;89.375;-226.068;12.2097;80;-115.243;-202.481;89.375
134;150.214;181.551;80;222.436;29.3031;91.25;125.548;-199.407;80;-160.204;169.387;91.25;-226.282;14.6516;80;-110.871;-205.097;91.25
135;152.4;180.243;80;222.009;34.187;93.125;123.622;-201.074;80;-164.055;166.051;93.125;-226.495;17.0935;80;-106.5;-207.713;93.125
136;154.586;178.935;80;221.582;39.0708;95;121.697;-202.742;80;-167.906;162.715;95;-226.709;19.5354;80;-102.128;-210.33;95
137;156.772;177.627;80;221.582;39.0708;93.125;119.771;-204.41;80;-167.906;162.715;93.125;-226.923;21.9774;80;-102.128;-210.33;93.125
138;158.957;176.319;80;221.582;39.0708;91.25;117.846;-206.078;80;-167.906;162.715;91.25;-227.136;24.4193;80;-102.128;-210.33;91.25
139;161.143;175.011;80;221.582;39.0708;89.375;115.921;-207.746;80;-167.906;162.715;89.375;-227.35;26.8612;80;-102.128;-210.33;89.375
140;163.329;173.702;80;221.582;39.0708;87.5;113.995;-209.413;80;-167.906;162.715;87.5;-227.564;29.3032;80;-102.128;-210.33;87.5
141;165.514;172.394;80;221.582;39.0708;85.625;112.07;-211.081;80;-167.906;162.715;85.625;-227.777;31.7451;80;-102.128;-210.33;85.625
142;167.7;171.086;80;221.582;39.0708;83.75;110.144;-212.749;80;-167.906;162.715;83.75;-227.991;34.187;80;-102.128;-210.33;83.75
143;169.886;169.778;80;221.582;39.0708;81.875;108.219;-214.417;80;-167.906;162.715;81.875;-228.205;36.6289;80;-102.128;-210.33;81.875
144;172.072;168.47;80;221.582;39.0708;80;106.294;-216.085;80;-167.906;162.715;80;-228.418;39.0709;80;-102.128;-210.33;80
145;172.072;168.47;81.875;221.795;36.6289;80;106.294;-216.085;81.875;-165.981;164.383;80;-228.418;39.0709;81.875;-104.314;-209.021;80
146;172.072;168.47;83.75;222.009;34.187;80;106.294;-216.085;83.75;-164.055;166.051;80;-228.418;39.0709;83.75;-106.5;-207.713;80
147;172.072;168.47;85.625;222.223;31.745;80;106.294;-216.085;85.625;-162.13;167.719;80;-228.418;39.0709;85.625;-108.685;-206.405;80
148;172.072;168.47;87.5;222.436;29.3031;80;106.294;-216.085;87.5;-160.204;169.387;80;-228.418;39.0709;87.5;-110.871;-205.097;80
149;172.072;168.47;89.375;222.65;26.8612;80;106.294;-216.085;89.375;-158.279;171.054;80;-228.418;39.0709;89.375;-113.057;-203.789;80
150;172.072;168.47;91.25;222.864;24.4193;80;106.294;-216.085;91.25;-156.354;172.722;80;-228.418;39.0709;91.25;-115.243;-202.481;80
151;172.072;168.47;93.125;223.077;21.9773;80;106.294;-216.085;93.125;-154.428;174.39;80;-228.418;39.0709;93.125;-117.428;-201.173;80
152;172.072;168.47;95;223.291;19.5354;80;106.294;-216.085;95;-152.503;176.058;80;-228.418;39.0709;95;-119.614;-199.865;80
153;167.7;171.086;95;223.505;17.0935;80;110.144;-212.749;95;-150.578;177.725;80;-227.991;34.187;95;-121.8;-198.557;80
154;163.329;173.703;95;223.718;14.6515;80;113.995;-209.413;95;-148.652;179.393;80;-227.564;29.3032;95;-123.986;-197.249;80
155;158.957;176.319;95;223.932;12.2096;80;117.846;-206.078;95;-146.727;181.061;80;-227.136;24.4193;95;-126.171;-195.94;80
156;154.586;178.935;95;224.145;9.76769;80;121.697;-202.742;95;-144.801;182.729;80;-226.709;19.5354;95;-128.357;-194.632;80
157;150.214;181.551;95;224.359;7.32576;80;125.548;-199.407;95;-142.876;184.397;80;-226.282;14.6516;95;-130.543;-193.324;80
158;145.843;184.167;95;224.573;4.88383;80;129.398;-196.071;95;-140.951;186.064;80;-225.855;9.76773;95;-132.729;-192.016;80
159;141.471;186.784;95;224.786;2.4419;80;133.249;-192.736;95;-139.025;187.732;80;-225.427;4.88388;95;-134.914;-190.708;80
160;137.1;189.4;95;225;-2.52724e-05;80;137.1;-189.4;95;-137.1;189.4;80;-225;2.19345e-05;95;-137.1;-189.4;80
161;132.728;192.016;95;225.214;-2.44195;80;140.951;-186.064;95;-135.174;191.068;80;-224.573;-4.88383;95;-139.286;-188.092;80
162;128.357;194.632;95;225.427;-4.88388;80;144.801;-182.729;95;-133.249;192.736;80;-224.145;-9.76769;95;-141.471;-186.784;80
163;123.985;197.249;95;225.641;-7.32581;80;148.652;-179.393;95;-131.324;194.403;80;-223.718;-14.6515;95;-143.657;-185.476;80
164;119.614;199.865;95;225.855;-9.76774;80;152.503;-176.058;95;-129.398;196.071;80;-223.291;-19.5354;95;-145.843;-184.167;80
165;115.243;202.481;95;226.068;-12.2097;80;156.354;-172.722;95;-127.473;197.739;80;-222.864;-24.4193;95;-148.029;-182.859;80
166;110.871;205.097;95;226.282;-14.6516;80;160.204;-169.387;95;-125.548;199.407;80;-222.436;-29.3031;95;-150.214;-181.551;80
167;106.5;207.713;95;226.495;-17.0935;80;164.055;-166.051;95;-123.622;201.074;80;-222.009;-34.187;95;-152.4;-180.243;80
168;102.128;210.33;95;226.709;-19.5354;80;167.906;-162.715;95;-121.697;202.742;80;-221.582;-39.0708;95;-154.586;-178.935;80
169;102.128;210.33;93.125;226.923;-21.9774;80;167.906;-162.715;93.125;-119.771;204.41;80;-221.582;-39.0708;93.125;-156.772;-177.627;80
170;102.128;210.33;91.25;227.136;-24.4193;80;167.906;-162.715;91.25;-117.846;206.078;80;-221.582;-39.0708;91.25;-158.957;-176.319;80
171;102.128;210.33;89.375;227.35;-26.8612;80;167.906;-162.715;89.375;-115.921;207.746;80;-221.582;-39.0708;89.375;-161.143;-175.011;80
172;102.128;210.33;87.5;227.564;-29.3032;80;167.906;-162.715;87.5;-113.995;209.413;80;-221.582;-39.0708;87.5;-163.329;-173.703;80
173;102.128;210.33;85.625;227.777;-31.7451;80;167.906;-162.715;85.625;-112.07;211.081;80;-221.582;-39.0708;85.625;-165.514;-172.395;80
174;102.128;210.33;83.75;227.991;-34.187;80;167.906;-162.715;83.75;-110.144;212.749;80;-221.582;-39.0708;83.75;-167.7;-171.086;80
175;102.128;210.33;81.875;228.205;-36.6289;80;167.906;-162.715;81.875;-108.219;214.417;80;-221.582;-39.0708;81.875;-169.886;-169.778;80
176;102.128;210.33;80;228.418;-39.0709;80;167.906;-162.715;80;-106.294;216.085;80;-221.582;-39.0708;80;-172.072;-168.47;80
177;104.314;209.022;80;228.418;-39.0709;81.875;165.981;-164.383;80;-106.294;216.085;81.875;-221.795;-36.6289;80;-172.072;-168.47;81.875
178;106.5;207.713;80;228.418;-39.0709;83.75;164.055;-166.051;80;-106.294;216.085;83.75;-222.009;-34.187;80;-172.072;-168.47;83.75
179;108.685;206.405;80;228.418;-39.0709;85.625;162.13;-167.719;80;-106.294;216.085;85.625;-222.223;-31.745;80;-172.072;-168.47;85.625
180;110.871;205.097;80;228.418;-39.0709;87.5;160.204;-169.387;80;-106.294;216.085;87.5;-222.436;-29.3031;80;-172.072;-168.47;87.5
181;113.057;203.789;80;228.418;-39.0709;89.375;158.279;-171.054;80;-106.294;216.085;89.375;-222.65;-26.8612;80;-172.072;-168.47;89.375
182;115.243;202.481;80;228.418;-39.0709;91.25;156.354;-172.722;80;-106.294;216.085;91.25;-222.864;-24.4193;80;-172.072;-168.47;91.25
183;117.428;201.173;80;228.418;-39.0709;93.125;154.428;-174.39;80;-106.294;216.085;93.125;-223.077;-21.9773;80;-172.072;-168.47;93.125
184;119.614;199.865;80;228.418;-39.0709;95;152.503;-176.058;80;-106.294;216.085;95;-223.291;-19.5354;80;-172.072;-168.47;95
185;121.8;198.557;80;227.991;-34.187;93.125;150.578;-177.725;80;-110.144;212.749;93.125;-223.505;-17.0935;80;-167.7;-171.086;93.125
186;123.985;197.249;80;227.564;-29.3032;91.25;148.652;-179.393;80;-113.995;209.413;91.25;-223.718;-14.6515;80;-163.329;-173.703;91.25
187;126.171;195.941;80;227.136;-24.4193;89.375;146.727;-181.061;80;-117.846;206.078;89.375;-223.932;-12.2096;80;-158.957;-176.319;89.375
188;128.357;194.632;80;226.709;-19.5354;87.5;144.801;-182.729;80;-121.697;202.742;87.5;-224.145;-9.76769;80;-154.586;-178.935;87.5
189;130.543;193.324;80;226.282;-14.6516;85.625;142.876;-184.397;80;-125.548;199.407;85.625;-224.359;-7.32576;80;-150.214;-181.551;85.625
190;132.728;192.016;80;225.855;-9.76773;83.75;140.951;-186.064;80;-129.398;196.071;83.75;-224.573;-4.88383;80;-145.843;-184.168;83.75
191;134.914;190.708;80;225.427;-4.88388;81.875;139.025;-187.732;80;-133.249;192.736;81.875;-224.786;-2.44191;80;-141.471;-186.784;81.875
192;137.1;189.4;80;225;-2.19345e-05;80;137.1;-189.4;80;-137.1;189.4;80;-225;2.14577e-05;80;-137.1;-189.4;80
193;138.164;188.698;80;224.893;2.45123;81.875;136.101;-190.192;80;-139.098;187.816;81.875;-225.054;1.22565;80;-134.971;-190.804;81.875
194;139.228;187.996;80;224.786;4.90249;83.75;135.102;-190.984;80;-141.096;186.233;83.75;-225.107;2.45128;80;-132.843;-192.207;83.75
195;140.293;187.295;80;224.679;7.35374;85.625;134.103;-191.776;80;-143.094;184.649;85.625;-225.161;3.6769;80;-130.714;-193.611;85.625
196;141.357;186.593;80;224.572;9.805;87.5;133.103;-192.567;80;-145.093;183.065;87.5;-225.214;4.90253;80;-128.585;-195.014;87.5
197;142.421;185.891;80;224.465;12.2563;89.375;132.104;-193.359;80;-147.091;181.481;89.375;-225.268;6.12816;80;-126.457;-196.418;89.375
198;143.486;185.189;80;224.358;14.7075;91.25;131.105;-194.151;80;-149.089;179.898;91.25;-225.321;7.35379;80;-124.328;-197.821;91.25
199;144.55;184.488;80;224.251;17.1588;93.125;130.106;-194.943;80;-151.087;178.314;93.125;-225.375;8.57942;80;-122.199;-199.225;93.125
200;145.614;183.786;80;224.144;19.61;95;129.107;-195.735;80;-153.085;176.73;95;-225.428;9.80504;80;-120.071;-200.628;95
201;146.679;183.084;80;224.144;19.61;93.125;128.108;-196.527;80;-153.085;176.73;93.125;-225.482;11.0307;80;-120.071;-200.628;93.125
202;147.743;182.382;80;224.144;19.61;91.25;127.109;-197.319;80;-153.085;176.73;91.25;-225.535;12.2563;80;-120.071;-200.628;91.25
203;148.807;181.681;80;224.144;19.61;89.375;126.11;-198.11;80;-153.085;176.73;89.375;-225.589;13.4819;80;-120.071;-200.628;89.375
204;149.872;180.979;80;224.144;19.61;87.5;125.111;-198.902;80;-153.085;176.73;87.5;-225.642;14.7076;80;-120.071;-200.628;87.5
205;150.936;180.277;80;224.144;19.61;85.625;124.112;-199.694;80;-153.085;176.73;85.625;-225.696;15.9332;80;-120.071;-200.628;85.625
206;152;179.575;80;224.144;19.61;83.75;123.112;-200.486;80;-153.085;176.73;83.75;-225.749;17.1588;80;-120.071;-200.628;83.75
207;153.065;178.873;80;224.144;19.61;81.875;122.113;-201.278;80;-153.085;176.73;81.875;-225.803;18.3844;80;-120.071;-200.628;81.875
208;154.129;178.172;80;224.144;19.61;80;121.114;-202.07;80;-153.085;176.73;80;-225.856;19.6101;80;-120.071;-200.628;80
209;154.129;178.172;81.875;224.197;18.3844;80;121.114;-202.07;81.875;-152.086;177.522;80;-225.856;19.6101;81.875;-121.135;-199.926;80
210;154.129;178.172;83.75;224.251;17.1588;80;121.114;-202.07;83.75;-151.087;178.314;80;-225.856;19.6101;83.75;-122.199;-199.225;80
211;154.129;178.172;85.625;224.304;15.9331;80;121.114;-202.07;85.625;-150.088;179.106;80;-225.856;19.6101;85.625;-123.264;-198.523;80
212;154.129;178.172;87.5;224.358;14.7075;80;121.114;-202.07;87.5;-149.089;179.898;80;-225.856;19.6101;87.5;-124.328;-197.821;80
213;154.129;178.172;89.375;224.411;13.4819;80;121.114;-202.07;89.375;-148.09;180.689;80;-225.856;19.6101;89.375;-125.392;-197.119;80
214;154.129;178.172;91.25;224.465;12.2563;80;121.114;-202.07;91.25;-147.091;181.481;80;-225.856;19.6101;91.25;-126.457;-196.418;80
215;154.129;178.172;93.125;224.518;11.0306;80;121.114;-202.07;93.125;-146.092;182.273;80;-225.856;19.6101;93.125;-127.521;-195.716;80
216;154.129;178.172;95;224.572;9.805;80;121.114;-202.07;95;-145.093;183.065;80;-225.856;19.6101;95;-128.585;-195.014;80
217;152;179.575;95;224.625;8.57937;80;123.112;-200.486;95;-144.094;183.857;80;-225.749;17.1588;95;-129.65;-194.312;80
218;149.872;180.979;95;224.679;7.35374;80;125.111;-198.902;95;-143.094;184.649;80;-225.642;14.7076;95;-130.714;-193.611;80
219;147.743;182.382;95;224.732;6.12811;80;127.109;-197.318;95;-142.095;185.441;80;-225.535;12.2563;95;-131.778;-192.909;80
220;145.614;183.786;95;224.786;4.90249;80;129.107;-195.735;95;-141.096;186.232;80;-225.428;9.80504;95;-132.843;-192.207;80
221;143.486;185.189;95;224.839;3.67686;80;131.105;-194.151;95;-140.097;187.024;80;-225.321;7.35379;95;-133.907;-191.505;80
222;141.357;186.593;95;224.893;2.45123;80;133.103;-192.567;95;-139.098;187.816;80;-225.214;4.90253;95;-134.971;-190.804;80
223;139.228;187.996;95;224.946;1.2256;80;135.102;-190.984;95;-138.099;188.608;80;-225.107;2.45128;95;-136.036;-190.102;80
224;137.1;189.4;95;225;-2.38419e-05;80;137.1;-189.4;95;-137.1;189.4;80;-225;2.09808e-05;95;-137.1;-189.4;80
225;134.971;190.804;95;225.054;-1.22565;80;139.098;-187.816;95;-136.101;190.192;80;-224.893;-2.45123;95;-138.164;-188.698;80
226;132.843;192.207;95;225.107;-2.45128;80;141.096;-186.232;95;-135.102;190.984;80;-224.786;-4.90249;95;-139.229;-187.996;80
227;130.714;193.611;95;225.161;-3.67691;80;143.094;-184.649;95;-134.103;191.775;80;-224.679;-7.35374;95;-140.293;-187.295;80
228;128.585;195.014;95;225.214;-4.90253;80;145.093;-183.065;95;-133.103;192.567;80;-224.572;-9.805;95;-141.357;-186.593;80
229;126.457;196.418;95;225.268;-6.12816;80;147.091;-181.481;95;-132.104;193.359;80;-224.465;-12.2563;95;-142.421;-185.891;80
230;124.328;197.821;95;225.321;-7.35379;80;149.089;-179.898;95;-131.105;194.151;80;-224.358;-14.7075;95;-143.486;-185.189;80
231;122.199;199.225;95;225.375;-8.57942;80;151.087;-178.314;95;-130.106;194.943;80;-224.251;-17.1588;95;-144.55;-184.488;80
232;120.071;200.628;95;225.428;-9.80505;80;153.085;-176.73;95;-129.107;195.735;80;-224.144;-19.61;95;-145.614;-183.786;80
233;120.071;200.628;93.125;225.482;-11.0307;80;153.085;-176.73;93.125;-128.108;196.527;80;-224.144;-19.61;93.125;-146.679;-183.084;80
234;120.071;200.628;91.25;225.535;-12.2563;80;153.085;-176.73;91.25;-127.109;197.318;80;-224.144;-19.61;91.25;-147.743;-182.382;80
235;120.071;200.628;89.375;225.589;-13.4819;80;153.085;-176.73;89.375;-126.11;198.11;80;-224.144;-19.61;89.375;-148.807;-181.681;80
236;120.071;200.628;87.5;225.642;-14.7076;80;153.085;-176.73;87.5;-125.111;198.902;80;-224.144;-19.61;87.5;-149.872;-180.979;80
237;120.071;200.628;85.625;225.696;-15.9332;80;153.085;-176.73;85.625;-124.112;199.694;80;-224.144;-19.61;85.625;-150.936;-180.277;80
238;120.071;200.628;83.75;225.749;-17.1588;80;153.085;-176.73;83.75;-123.112;200.486;80;-224.144;-19.61;83.75;-152;-179.575;80
239;120.071;200.628;81.875;225.803;-18.3844;80;153.085;-176.73;81.875;-122.113;201.278;80;-224.144;-19.61;81.875;-153.065;-178.873;80
240;120.071;200.628;80;225.856;-19.6101;80;153.085;-176.73;80;-121.114;202.07;80;-224.144;-19.61;80;-154.129;-178.172;80
241;121.135;199.926;80;225.856;-19.6101;81.875;152.086;-177.522;80;-121.114;202.07;81.875;-224.197;-18.3844;80;-154.129;-178.172;81.875
242;122.199;199.225;80;225.856;-19.6101;83.75;151.087;-178.314;80;-121.114;202.07;83.75;-224.251;-17.1588;80;-154.129;-178.172;83.75
243;123.264;198.523;80;225.856;-19.6101;85.625;150.088;-179.106;80;-121.114;202.07;85.625;-224.304;-15.9331;80;-154.129;-178.172;85.625
244;124.328;197.821;80;225.856;-19.6101;87.5;149.089;-179.897;80;-121.114;202.07;87.5;-224.358;-14.7075;80;-154.129;-178.172;87.5
245;125.392;197.119;80;225.856;-19.6101;89.375;148.09;-180.689;80;-121.114;202.07;89.375;-224.411;-13.4819;80;-154.129;-178.172;89.375
246;126.457;196.418;80;225.856;-19.6101;91.25;147.091;-181.481;80;-121.114;202.07;91.25;-224.465;-12.2563;80;-154.129;-178.172;91.25
247;127.521;195.716;80;225.856;-19.6101;93.125;146.092;-182.273;80;-121.114;202.07;93.125;-224.518;-11.0306;80;-154.129;-178.172;93.125
248;128.585;195.014;80;225.856;-19.6101;95;145.093;-183.065;80;-121.114;202.07;95;-224.572;-9.805;80;-154.129;-178.172;95
249;129.65;194.312;80;225.749;-17.1588;93.125;144.094;-183.857;80;-123.112;200.486;93.125;-224.625;-8.57937;80;-152;-179.575;93.125
250;130.714;193.611;80;225.642;-14.7076;91.25;143.094;-184.649;80;-125.111;198.902;91.25;-224.679;-7.35374;80;-149.872;-180.979;91.25
251;131.778;192.909;80;225.535;-12.2563;89.375;142.095;-185.44;80;-127.109;197.318;89.375;-224.732;-6.12812;80;-147.743;-182.382;89.375
252;132.843;192.207;80;225.428;-9.80505;87.5;141.096;-186.232;80;-129.107;195.735;87.5;-224.786;-4.90249;80;-145.614;-183.786;87.5
253;133.907;191.505;80;225.321;-7.35379;85.625;140.097;-187.024;80;-131.105;194.151;85.625;-224.839;-3.67686;80;-143.486;-185.189;85.625
254;134.971;190.804;80;225.214;-4.90254;83.75;139.098;-187.816;80;-133.103;192.567;83.75;-224.893;-2.45123;80;-141.357;-186.593;83.75
255;136.036;190.102;80;225.107;-2.45128;81.875;138.099;-188.608;80;-135.102;190.983;81.875;-224.946;-1.22561;80;-139.229;-187.996;81.875
256;137.1;189.4;80;225;-2.47955e-05;80;137.1;-189.4;80;-137.1;189.4;80;-225;2.19345e-05;80;-137.1;-189.4;80
257;137.1;189.4;80;225;-2.47955e-05;80;137.1;-189.4;80;-137.1;189.4;80;-225;2.19345e-05;80;-137.1;-189.4;80
258;136.101;190.192;80;224.893;-2.45128;81.875;138.164;-188.698;80;-134.971;190.803;81.875;-225.054;-1.22561;80;-139.098;-187.816;81.875
259;135.102;190.984;80;224.786;-4.90254;83.75;139.228;-187.996;80;-132.843;192.207;83.75;-225.107;-2.45123;80;-141.096;-186.233;83.75
260;134.103;191.776;80;224.679;-7.35379;85.625;140.293;-187.294;80;-130.714;193.61;85.625;-225.161;-3.67686;80;-143.094;-184.649;85.625
261;133.103;192.567;80;224.572;-9.80505;87.5;141.357;-186.593;80;-128.585;195.014;87.5;-225.214;-4.90249;80;-145.093;-183.065;87.5
262;132.104;193.359;80;224.465;-12.2563;89.375;142.421;-185.891;80;-126.457;196.417;89.375;-225.268;-6.12812;80;-147.091;-181.481;89.375
263;131.105;194.151;80;224.358;-14.7076;91.25;143.486;-185.189;80;-124.328;197.821;91.25;-225.321;-7.35374;80;-149.089;-179.898;91.25
264;130.106;194.943;80;224.251;-17.1588;93.125;144.55;-184.487;80;-122.199;199.224;93.125;-225.375;-8.57937;80;-151.087;-178.314;93.125
265;129.107;195.735;80;224.144;-19.6101;95;145.614;-183.786;80;-120.071;200.628;95;-225.428;-9.805;80;-153.085;-176.73;95
266;128.108;196.527;80;224.144;-19.6101;93.125;146.679;-183.084;80;-120.071;200.628;93.125;-225.482;-11.0306;80;-153.085;-176.73;93.125
267;127.109;197.319;80;224.144;-19.6101;91.25;147.743;-182.382;80;-120.071;200.628;91.25;-225.535;-12.2563;80;-153.085;-176.73;91.25
268;126.11;198.11;80;224.144;-19.6101;89.375;148.807;-181.68;80;-120.071;200.628;89.375;-225.589;-13.4819;80;-153.085;-176.73;89.375
269;125.111;198.902;80;224.144;-19.6101;87.5;149.872;-180.979;80;-120.071;200.628;87.5;-225.642;-14.7075;80;-153.085;-176.73;87.5
270;124.112;199.694;80;224.144;-19.6101;85.625;150.936;-180.277;80;-120.071;200.628;85.625;-225.696;-15.9331;80;-153.085;-176.73;85.625
271;123.112;200.486;80;224.144;-19.6101;83.75;152;-179.575;80;-120.071;200.628;83.75;-225.749;-17.1588;80;-153.085;-176.73;83.75
272;122.113;201.278;80;224.144;-19.6101;81.875;153.065;-178.873;80;-120.071;200.628;81.875;-225.803;-18.3844;80;-153.085;-176.73;81.875
273;121.114;202.07;80;224.144;-19.6101;80;154.129;-178.171;80;-120.071;200.628;80;-225.856;-19.61;80;-153.085;-176.73;80
274;121.114;202.07;81.875;224.197;-18.3844;80;154.129;-178.171;81.875;-121.135;199.926;80;-225.856;-19.61;81.875;-152.086;-177.522;80
275;121.114;202.07;83.75;224.251;-17.1588;80;154.129;-178.171;83.75;-122.199;199.224;80;-225.856;-19.61;83.75;-151.087;-178.314;80
276;121.114;202.07;85.625;224.304;-15.9332;80;154.129;-178.171;85.625;-123.264;198.523;80;-225.856;-19.61;85.625;-150.088;-179.106;80
277;121.114;202.07;87.5;224.358;-14.7076;80;154.129;-178.171;87.5;-124.328;197.821;80;-225.856;-19.61;87.5;-149.089;-179.898;80
278;121.114;202.07;89.375;224.411;-13.4819;80;154.129;-178.171;89.375;-125.392;197.119;80;-225.856;-19.61;89.375;-148.09;-180.689;80
279;121.114;202.07;91.25;224.465;-12.2563;80;154.129;-178.171;91.25;-126.457;196.417;80;-225.856;-19.61;91.25;-147.091;-181.481;80
280;121.114;202.07;93.125;224.518;-11.0307;80;154.129;-178.171;93.125;-127.521;195.716;80;-225.856;-19.61;93.125;-146.092;-182.273;80
281;121.114;202.07;95;224.572;-9.80505;80;154.129;-178.171;95;-128.585;195.014;80;-225.856;-19.61;95;-145.093;-183.065;80
282;123.112;200.486;95;224.625;-8.57942;80;152;-179.575;95;-129.65;194.312;80;-225.749;-17.1588;95;-144.094;-183.857;80
283;125.111;198.902;95;224.679;-7.35379;80;149.872;-180.979;95;-130.714;193.61;80;-225.642;-14.7075;95;-143.094;-184.649;80
284;127.109;197.318;95;224.732;-6.12816;80;147.743;-182.382;95;-131.778;192.909;80;-225.535;-12.2563;95;-142.095;-185.441;80
285;129.107;195.735;95;224.786;-4.90253;80;145.614;-183.786;95;-132.843;192.207;80;-225.428;-9.805;95;-141.096;-186.232;80
286;131.105;194.151;95;224.839;-3.67691;80;143.486;-185.189;95;-133.907;191.505;80;-225.321;-7.35374;95;-140.097;-187.024;80
287;133.103;192.567;95;224.893;-2.45128;80;141.357;-186.593;95;-134.971;190.803;80;-225.214;-4.90249;95;-139.098;-187.816;80
288;135.102;190.984;95;224.946;-1.22565;80;139.229;-187.996;95;-136.036;190.102;80;-225.107;-2.45123;95;-138.099;-188.608;80
289;137.1;189.4;95;225;-2.38419e-05;80;137.1;-189.4;95;-137.1;189.4;80;-225;2.09808e-05;95;-137.1;-189.4;80
290;139.098;187.816;95;225.054;1.2256;80;134.971;-190.803;95;-138.164;188.698;80;-224.893;2.45128;95;-136.101;-190.192;80
291;141.096;186.232;95;225.107;2.45123;80;132.843;-192.207;95;-139.228;187.996;80;-224.786;4.90253;95;-135.102;-190.984;80
292;143.094;184.649;95;225.161;3.67686;80;130.714;-193.61;95;-140.293;187.294;80;-224.679;7.35379;95;-134.103;-191.775;80
293;145.093;183.065;95;225.214;4.90249;80;128.585;-195.014;95;-141.357;186.593;80;-224.572;9.80504;95;-133.103;-192.567;80
294;147.091;181.481;95;225.268;6.12811;80;126.457;-196.417;95;-142.421;185.891;80;-224.465;12.2563;95;-132.104;-193.359;80
295;149.089;179.898;95;225.321;7.35374;80;124.328;-197.821;95;-143.486;185.189;80;-224.358;14.7076;95;-131.105;-194.151;80
296;151.087;178.314;95;225.375;8.57937;80;122.2;-199.224;95;-144.55;184.487;80;-224.251;17.1588;95;-130.106;-194.943;80
297;153.085;176.73;95;225.428;9.805;80;120.071;-200.628;95;-145.614;183.786;80;-224.144;19.6101;95;-129.107;-195.735;80
298;153.085;176.73;93.125;225.482;11.0306;80;120.071;-200.628;93.125;-146.679;183.084;80;-224.144;19.6101;93.125;-128.108;-196.527;80
299;153.085;176.73;91.25;225.535;12.2563;80;120.071;-200.628;91.25;-147.743;182.382;80;-224.144;19.6101;91.25;-127.109;-197.318;80
300;153.085;176.73;89.375;225.589;13.4819;80;120.071;-200.628;89.375;-148.807;181.68;80;-224.144;19.6101;89.375;-126.11;-198.11;80
301;153.085;176.73;87.5;225.642;14.7075;80;120.071;-200.628;87.5;-149.872;180.979;80;-224.144;19.6101;87.5;-125.111;-198.902;80
302;153.085;176.73;85.625;225.696;15.9331;80;120.071;-200.628;85.625;-150.936;180.277;80;-224.144;19.6101;85.625;-124.112;-199.694;80
303;153.085;176.73;83.75;225.749;17.1588;80;120.071;-200.628;83.75;-152;179.575;80;-224.144;19.6101;83.75;-123.112;-200.486;80
304;153.085;176.73;81.875;225.803;18.3844;80;120.071;-200.628;81.875;-153.065;178.873;80;-224.144;19.6101;81.875;-122.113;-201.278;80
305;153.085;176.73;80;225.856;19.61;80;120.071;-200.628;80;-154.129;178.171;80;-224.144;19.6101;80;-121.114;-202.07;80
306;152.086;177.522;80;225.856;19.61;81.875;121.135;-199.926;80;-154.129;178.171;81.875;-224.197;18.3844;80;-121.114;-202.07;81.875
307;151.087;178.314;80;225.856;19.61;83.75;122.2;-199.224;80;-154.129;178.171;83.75;-224.251;17.1588;80;-121.114;-202.07;83.75
308;150.088;179.106;80;225.856;19.61;85.625;123.264;-198.523;80;-154.129;178.171;85.625;-224.304;15.9332;80;-121.114;-202.07;85.625
309;149.089;179.897;80;225.856;19.61;87.5;124.328;-197.821;80;-154.129;178.171;87.5;-224.358;14.7076;80;-121.114;-202.07;87.5
310;148.09;180.689;80;225.856;19.61;89.375;125.393;-197.119;80;-154.129;178.171;89.375;-224.411;13.4819;80;-121.114;-202.07;89.375
311;147.091;181.481;80;225.856;19.61;91.25;126.457;-196.417;80;-154.129;178.171;91.25;-224.465;12.2563;80;-121.114;-202.07;91.25
312;146.092;182.273;80;225.856;19.61;93.125;127.521;-195.716;80;-154.129;178.171;93.125;-224.518;11.0307;80;-121.114;-202.07;93.125
313;145.093;183.065;80;225.856;19.61;95;128.585;-195.014;80;-154.129;178.171;95;-224.572;9.80504;80;-121.114;-202.07;95
314;144.094;183.857;80;225.749;17.1588;93.125;129.65;-194.312;80;-152;179.575;93.125;-224.625;8.57941;80;-123.112;-200.486;93.125
315;143.094;184.649;80;225.642;14.7075;91.25;130.714;-193.61;80;-149.872;180.979;91.25;-224.679;7.35379;80;-125.111;-198.902;91.25
316;142.095;185.44;80;225.535;12.2563;89.375;131.778;-192.909;80;-147.743;182.382;89.375;-224.732;6.12816;80;-127.109;-197.318;89.375
317;141.096;186.232;80;225.428;9.805;87.5;132.843;-192.207;80;-145.614;183.786;87.5;-224.786;4.90253;80;-129.107;-195.735;87.5
318;140.097;187.024;80;225.321;7.35374;85.625;133.907;-191.505;80;-143.486;185.189;85.625;-224.839;3.6769;80;-131.105;-194.151;85.625
319;139.098;187.816;80;225.214;4.90249;83.75;134.971;-190.803;80;-141.357;186.593;83.75;-224.893;2.45128;80;-133.103;-192.567;83.75
320;138.099;188.608;80;225.107;2.45123;81.875;136.036;-190.102;80;-139.229;187.996;81.875;-224.946;1.22565;80;-135.102;-190.983;81.875
321;137.1;189.4;80;225;-2.28882e-05;80;137.1;-189.4;80;-137.1;189.4;80;-225;2.00272e-05;80;-137.1;-189.4;80
322;137.1;189.4;80;225;-2.28882e-05;80;137.1;-189.4;80;-137.1;189.4;80;-225;2.00272e-05;80;-137.1;-189.4;80
323;137.1;189.4;60;225;-2.28882e-05;60;137.1;-189.4;60;-137.1;189.4;60;-225;2.00272e-05;60;-137.1;-189.4;60
324;137.1;189.4;40;225;-2.28882e-05;40;137.1;-189.4;40;-137.1;189.4;40;-225;2.00272e-05;40;-137.1;-189.4;40
325;137.1;189.4;20;225;-2.28882e-05;20;137.1;-189.4;20;-137.1;189.4;20;-225;2.00272e-05;20;-137.1;-189.4;20
326;135.174;191.068;80;224.573;-4.88388;81.875;139.286;-188.092;80;-132.729;192.016;81.875;-225.214;-2.44191;80;-140.951;-186.064;81.875
327;133.249;192.735;80;224.145;-9.76773;83.75;141.471;-186.784;80;-128.357;194.632;83.75;-225.427;-4.88383;80;-144.801;-182.729;83.75
328;131.324;194.403;80;223.718;-14.6516;85.625;143.657;-185.475;80;-123.986;197.248;85.625;-225.641;-7.32576;80;-148.652;-179.393;85.625
329;129.398;196.071;80;223.291;-19.5354;87.5;145.843;-184.167;80;-119.614;199.865;87.5;-225.855;-9.76769;80;-152.503;-176.057;87.5
330;127.473;197.739;80;222.864;-24.4193;89.375;148.029;-182.859;80;-115.243;202.481;89.375;-226.068;-12.2096;80;-156.354;-172.722;89.375
331;125.548;199.406;80;222.436;-29.3032;91.25;150.214;-181.551;80;-110.871;205.097;91.25;-226.282;-14.6515;80;-160.204;-169.386;91.25
332;123.622;201.074;80;222.009;-34.187;93.125;152.4;-180.243;80;-106.5;207.713;93.125;-226.495;-17.0935;80;-164.055;-166.051;93.125
333;121.697;202.742;80;221.582;-39.0709;95;154.586;-178.935;80;-102.128;210.33;95;-226.709;-19.5354;80;-167.906;-162.715;95
334;119.771;204.41;80;221.582;-39.0709;93.125;156.772;-177.627;80;-102.128;210.33;93.125;-226.923;-21.9773;80;-167.906;-162.715;93.125
335;117.846;206.078;80;221.582;-39.0709;91.25;158.957;-176.319;80;-102.128;210.33;91.25;-227.136;-24.4193;80;-167.906;-162.715;91.25
336;115.921;207.745;80;221.582;-39.0709;89.375;161.143;-175.011;80;-102.128;210.33;89.375;-227.35;-26.8612;80;-167.906;-162.715;89.375
337;113.995;209.413;80;221.582;-39.0709;87.5;163.329;-173.702;80;-102.128;210.33;87.5;-227.564;-29.3031;80;-167.906;-162.715;87.5
338;112.07;211.081;80;221.582;-39.0709;85.625;165.514;-172.394;80;-102.128;210.33;85.625;-227.777;-31.745;80;-167.906;-162.715;85.625
339;110.145;212.749;80;221.582;-39.0709;83.75;167.7;-171.086;80;-102.128;210.33;83.75;-227.991;-34.187;80;-167.906;-162.715;83.75
340;108.219;214.417;80;221.582;-39.0709;81.875;169.886;-169.778;80;-102.128;210.33;81.875;-228.205;-36.6289;80;-167.906;-162.715;81.875
341;106.294;216.084;80;221.582;-39.0709;80;172.072;-168.47;80;-102.128;210.33;80;-228.418;-39.0708;80;-167.906;-162.715;80
342;106.294;216.084;81.875;221.795;-36.6289;80;172.072;-168.47;81.875;-104.314;209.021;80;-228.418;-39.0708;81.875;-165.981;-164.383;80
343;106.294;216.084;83.75;222.009;-34.187;80;172.072;-168.47;83.75;-106.5;207.713;80;-228.418;-39.0708;83.75;-164.055;-166.051;80
344;106.294;216.084;85.625;222.223;-31.7451;80;172.072;-168.47;85.625;-108.685;206.405;80;-228.418;-39.0708;85.625;-162.13;-167.719;80
345;106.294;216.084;87.5;222.436;-29.3031;80;172.072;-168.47;87.5;-110.871;205.097;80;-228.418;-39.0708;87.5;-160.204;-169.386;80
346;106.294;216.084;89.375;222.65;-26.8612;80;172.072;-168.47;89.375;-113.057;203.789;80;-228.418;-39.0708;89.375;-158.279;-171.054;80
347;106.294;216.084;91.25;222.864;-24.4193;80;172.072;-168.47;91.25;-115.243;202.481;80;-228.418;-39.0708;91.25;-156.354;-172.722;80
348;106.294;216.084;93.125;223.077;-21.9774;80;172.072;-168.47;93.125;-117.428;201.173;80;-228.418;-39.0708;93.125;-154.428;-174.39;80
349;106.294;216.084;95;223.291;-19.5354;80;172.072;-168.47;95;-119.614;199.865;80;-228.418;-39.0708;95;-152.503;-176.057;80
350;110.145;212.749;95;223.505;-17.0935;80;167.7;-171.086;95;-121.8;198.557;80;-227.991;-34.187;95;-150.577;-177.725;80
351;113.995;209.413;95;223.718;-14.6516;80;163.329;-173.703;95;-123.986;197.249;80;-227.564;-29.3031;95;-148.652;-179.393;80
352;117.846;206.078;95;223.932;-12.2097;80;158.957;-176.319;95;-126.171;195.94;80;-227.136;-24.4193;95;-146.727;-181.061;80
353;121.697;202.742;95;224.145;-9.76773;80;154.586;-178.935;95;-128.357;194.632;80;-226.709;-19.5354;95;-144.801;-182.729;80
354;125.548;199.406;95;224.359;-7.3258;80;150.214;-181.551;95;-130.543;193.324;80;-226.282;-14.6515;95;-142.876;-184.396;80
355;129.398;196.071;95;224.573;-4.88388;80;145.843;-184.167;95;-132.728;192.016;80;-225.855;-9.76769;95;-140.951;-186.064;80
356;133.249;192.735;95;224.786;-2.44195;80;141.471;-186.784;95;-134.914;190.708;80;-225.427;-4.88384;95;-139.025;-187.732;80
357;137.1;189.4;95;225;-2.09808e-05;80;137.1;-189.4;95;-137.1;189.4;80;-225;1.52588e-05;95;-137.1;-189.4;80
358;140.951;186.064;95;225.214;2.44191;80;132.728;-192.016;95;-139.286;188.092;80;-224.573;4.88387;95;-135.174;-191.068;80
359;144.801;182.729;95;225.427;4.88383;80;128.357;-194.632;95;-141.471;186.784;80;-224.145;9.76772;95;-133.249;-192.735;80
360;148.652;179.393;95;225.641;7.32576;80;123.985;-197.249;95;-143.657;185.476;80;-223.718;14.6516;95;-131.324;-194.403;80
361;152.503;176.057;95;225.855;9.76769;80;119.614;-199.865;95;-145.843;184.167;80;-223.291;19.5354;95;-129.398;-196.071;80
362;156.354;172.722;95;226.068;12.2096;80;115.242;-202.481;95;-148.029;182.859;80;-222.864;24.4193;95;-127.473;-197.739;80
363;160.204;169.386;95;226.282;14.6515;80;110.871;-205.097;95;-150.214;181.551;80;-222.436;29.3031;95;-125.547;-199.406;80
364;164.055;166.051;95;226.495;17.0935;80;106.5;-207.713;95;-152.4;180.243;80;-222.009;34.187;95;-123.622;-201.074;80
365;167.906;162.715;95;226.709;19.5354;80;102.128;-210.33;95;-154.586;178.935;80;-221.582;39.0709;95;-121.697;-202.742;80
366;167.906;162.715;93.125;226.923;21.9773;80;102.128;-210.33;93.125;-156.772;177.627;80;-221.582;39.0709;93.125;-119.771;-204.41;80
367;167.906;162.715;91.25;227.136;24.4193;80;102.128;-210.33;91.25;-158.957;176.319;80;-221.582;39.0709;91.25;-117.846;-206.078;80
368;167.906;162.715;89.375;227.35;26.8612;80;102.128;-210.33;89.375;-161.143;175.011;80;-221.582;39.0709;89.375;-115.921;-207.745;80
369;167.906;162.715;87.5;227.564;29.3031;80;102.128;-210.33;87.5;-163.329;173.703;80;-221.582;39.0709;87.5;-113.995;-209.413;80
370;167.906;162.715;85.625;227.777;31.745;80;102.128;-210.33;85.625;-165.514;172.395;80;-221.582;39.0709;85.625;-112.07;-211.081;80
371;167.906;162.715;83.75;227.991;34.187;80;102.128;-210.33;83.75;-167.7;171.086;80;-221.582;39.0709;83.75;-110.144;-212.749;80
372;167.906;162.715;81.875;228.205;36.6289;80;102.128;-210.33;81.875;-169.886;169.778;80;-221.582;39.0709;81.875;-108.219;-214.417;80
373;167.906;162.715;80;228.418;39.0708;80;102.128;-210.33;80;-172.072;168.47;80;-221.582;39.0709;80;-106.294;-216.084;80
374;165.981;164.383;80;228.418;39.0708;81.875;104.314;-209.022;80;-172.072;168.47;81.875;-221.795;36.6289;80;-106.294;-216.084;81.875
375;164.055;166.051;80;228.418;39.0708;83.75;106.5;-207.713;80;-172.072;168.47;83.75;-222.009;34.187;80;-106.294;-216.084;83.75
376;162.13;167.719;80;228.418;39.0708;85.625;108.685;-206.405;80;-172.072;168.47;85.625;-222.223;31.7451;80;-106.294;-216.084;85.625
377;160.204;169.386;80;228.418;39.0708;87.5;110.871;-205.097;80;-172.072;168.47;87.5;-222.436;29.3031;80;-106.294;-216.084;87.5
378;158.279;171.054;80;228.418;39.0708;89.375;113.057;-203.789;80;-172.072;168.47;89.375;-222.65;26.8612;80;-106.294;-216.084;89.375
379;156.354;172.722;80;228.418;39.0708;91.25;115.242;-202.481;80;-172.072;168.47;91.25;-222.864;24.4193;80;-106.294;-216.084;91.25
380;154.428;174.39;80;228.418;39.0708;93.125;117.428;-201.173;80;-172.072;168.47;93.125;-223.077;21.9774;80;-106.294;-216.084;93.125
381;152.503;176.057;80;228.418;39.0708;95;119.614;-199.865;80;-172.072;168.47;95;-223.291;19.5354;80;-106.294;-216.084;95
382;150.577;177.725;80;227.991;34.187;93.125;121.8;-198.557;80;-167.7;171.086;93.125;-223.505;17.0935;80;-110.144;-212.749;93.125
383;148.652;179.393;80;227.564;29.3031;91.25;123.985;-197.249;80;-163.329;173.703;91.25;-223.718;14.6516;80;-113.995;-209.413;91.25
384;146.727;181.061;80;227.136;24.4193;89.375;126.171;-195.941;80;-158.957;176.319;89.375;-223.932;12.2097;80;-117.846;-206.078;89.375
385;144.801;182.729;80;226.709;19.5354;87.5;128.357;-194.632;80;-154.586;178.935;87.5;-224.145;9.76772;80;-121.697;-202.742;87.5
386;142.876;184.396;80;226.282;14.6515;85.625;130.543;-193.324;80;-150.214;181.551;85.625;-224.359;7.3258;80;-125.548;-199.406;85.625
387;140.951;186.064;80;225.855;9.76769;83.75;132.728;-192.016;80;-145.843;184.168;83.75;-224.573;4.88387;80;-129.398;-196.071;83.75
388;139.025;187.732;80;225.427;4.88384;81.875;134.914;-190.708;80;-141.471;186.784;81.875;-224.786;2.44194;80;-133.249;-192.735;81.875
389;137.1;189.4;80;225;-1.90735e-05;80;137.1;-189.4;80;-137.1;189.4;80;-225;1.33514e-05;80;-137.1;-189.4;80
390;137.1;189.4;80;225;-1.90735e-05;80;137.1;-189.4;80;-137.1;189.4;80;-225;1.33514e-05;80;-137.1;-189.4;80
391;137.1;189.4;60;225;-1.90735e-05;60;137.1;-189.4;60;-137.1;189.4;60;-225;1.33514e-05;60;-137.1;-189.4;60
392;137.1;189.4;40;225;-1.90735e-05;40;137.1;-189.4;40;-137.1;189.4;40;-225;1.33514e-05;40;-137.1;-189.4;40
393;137.1;189.4;20;225;-1.90735e-05;20;137.1;-189.4;20;-137.1;189.4;20;-225;1.33514e-05;20;-137.1;-189.4;20
